match_id,season,round,player_url,team,minutes_played
8106,2017-2018,1,https://top14.lnr.fr/joueur/1691-phoenix-damon-battye,Oyonnax Rugby,40
8106,2017-2018,1,https://top14.lnr.fr/joueur/808-benjamin-botica,Oyonnax Rugby,80
8106,2017-2018,1,https://top14.lnr.fr/joueur/1782-james-robert-hall,Oyonnax Rugby,29
8106,2017-2018,1,https://top14.lnr.fr/joueur/1694-tommy-raynaud,Oyonnax Rugby,18
8106,2017-2018,1,https://top14.lnr.fr/joueur/988-ulupano-seuteni,Oyonnax Rugby,0
8106,2017-2018,1,https://top14.lnr.fr/joueur/1103-patrick-sobela,Oyonnax Rugby,80
8106,2017-2018,1,https://top14.lnr.fr/joueur/2448-dorian-aldegheri,Stade Toulousain,36
8106,2017-2018,1,https://top14.lnr.fr/joueur/669-sebastien-bezy,Stade Toulousain,80
8106,2017-2018,1,https://top14.lnr.fr/joueur/2453-francois-cros,Stade Toulousain,13
8106,2017-2018,1,https://top14.lnr.fr/joueur/2648-yann-david,Stade Toulousain,80
8106,2017-2018,1,https://top14.lnr.fr/joueur/1996-piula-faasalele,Stade Toulousain,80
8106,2017-2018,1,https://top14.lnr.fr/joueur/334-zack-holmes,Stade Toulousain,80
8106,2017-2018,1,https://top14.lnr.fr/joueur/2443-rodrigue-neti,Stade Toulousain,39
8106,2017-2018,1,https://top14.lnr.fr/joueur/2450-thomas-ramos,Stade Toulousain,80
8106,2017-2018,1,https://top14.lnr.fr/joueur/1976-tristan-james-tedder,Stade Toulousain,0
8106,2017-2018,1,https://top14.lnr.fr/joueur/1438-florian-verhaeghe,Stade Toulousain,23
8107,2017-2018,1,https://top14.lnr.fr/joueur/1082-vivien-devisme,CA Brive,40
8107,2017-2018,1,https://top14.lnr.fr/joueur/513-samuel-marques,CA Brive,80
8107,2017-2018,1,https://top14.lnr.fr/joueur/51-william-demotte,Stade Rochelais,40
8107,2017-2018,1,https://top14.lnr.fr/joueur/317-lekso-kaulashvili,Stade Rochelais,67
8107,2017-2018,1,https://top14.lnr.fr/joueur/1433-jeremie-maurouard,Stade Rochelais,30
8107,2017-2018,1,https://top14.lnr.fr/joueur/2365-dany-priso-mouangue,Stade Rochelais,50
8107,2017-2018,1,https://top14.lnr.fr/joueur/2441-arthur-retiere,Stade Rochelais,80
8107,2017-2018,1,https://top14.lnr.fr/joueur/1905-eliott-roudil,Stade Rochelais,50
8107,2017-2018,1,https://top14.lnr.fr/joueur/2353-jeremy-sinzelle,Stade Rochelais,80
8107,2017-2018,1,https://top14.lnr.fr/joueur/2342-mathieu-tanguy,Stade Rochelais,40
8107,2017-2018,1,https://top14.lnr.fr/joueur/985-levani-botia-veivuke,Stade Rochelais,80
8656,2018-2019,17,https://top14.lnr.fr/joueur/1980-mathieu-acebes,USA Perpignan,80
8656,2018-2019,17,https://top14.lnr.fr/joueur/812-yassin-boutemmani,USA Perpignan,57
8656,2018-2019,17,https://top14.lnr.fr/joueur/1987-tom-ecochard,USA Perpignan,9
8656,2018-2019,17,https://top14.lnr.fr/joueur/2000-shahn-eru,USA Perpignan,78
8656,2018-2019,17,https://top14.lnr.fr/joueur/894-julien-farnoux,USA Perpignan,70
8656,2018-2019,17,https://top14.lnr.fr/joueur/1440-enzo-forletta,USA Perpignan,53
8656,2018-2019,17,https://top14.lnr.fr/joueur/1982-tristan-labouteley,USA Perpignan,44
8656,2018-2019,17,https://top14.lnr.fr/joueur/2008-leon-seilala-lam,USA Perpignan,0
8656,2018-2019,17,https://top14.lnr.fr/joueur/1995-genesis-mamea-lemalu,USA Perpignan,80
8656,2018-2019,17,https://top14.lnr.fr/joueur/2077-enzo-selponi,USA Perpignan,71
8656,2018-2019,17,https://top14.lnr.fr/joueur/592-quentin-walcker,USA Perpignan,27
8656,2018-2019,17,https://top14.lnr.fr/joueur/415-paul-abadie,SU Agen,32
8656,2018-2019,17,https://top14.lnr.fr/joueur/1081-leo-berdeu,SU Agen,40
8656,2018-2019,17,https://top14.lnr.fr/joueur/2658-facundo-bosch,SU Agen,60
8656,2018-2019,17,https://top14.lnr.fr/joueur/1790-romain-briatte,SU Agen,60
8656,2018-2019,17,https://top14.lnr.fr/joueur/685-julien-heriteau,SU Agen,57
8656,2018-2019,17,https://top14.lnr.fr/joueur/1915-clement-laporte,SU Agen,23
8656,2018-2019,17,https://top14.lnr.fr/joueur/2649-denis-marchois,SU Agen,58
8656,2018-2019,17,https://top14.lnr.fr/joueur/2005-jake-aron-mcintyre,SU Agen,80
8656,2018-2019,17,https://top14.lnr.fr/joueur/975-yoan-tanga-mangene,SU Agen,80
8656,2018-2019,17,https://top14.lnr.fr/joueur/1990-giorgi-tetrashvili,SU Agen,51
8656,2018-2019,17,https://top14.lnr.fr/joueur/400-andres-zafra-tarazona,SU Agen,40
9904,2021-2022,24,https://top14.lnr.fr/joueur/1941-eoghan-barrett,Section Paloise,80
9904,2021-2022,24,https://top14.lnr.fr/joueur/1885-ignacio-calles,Section Paloise,38
9904,2021-2022,24,https://top14.lnr.fr/joueur/1888-nicolas-corato,Section Paloise,45
9904,2021-2022,24,https://top14.lnr.fr/joueur/1895-thibault-daubagna,Section Paloise,50
9904,2021-2022,24,https://top14.lnr.fr/joueur/1930-thibault-debaes,Section Paloise,13
9904,2021-2022,24,https://top14.lnr.fr/joueur/1893-beka-gorgadze,Section Paloise,75
9904,2021-2022,24,https://top14.lnr.fr/joueur/1812-giovanni-habel-kuffner,Section Paloise,66
9904,2021-2022,24,https://top14.lnr.fr/joueur/997-antoine-hastoy,Section Paloise,67
9904,2021-2022,24,https://top14.lnr.fr/joueur/1939-zack-henry,Section Paloise,80
9904,2021-2022,24,https://top14.lnr.fr/joueur/1940-reece-hewat,Section Paloise,54
9904,2021-2022,24,https://top14.lnr.fr/joueur/1886-clovis-le-bail,Section Paloise,30
9904,2021-2022,24,https://top14.lnr.fr/joueur/986-quentin-lespiaucq,Section Paloise,21
9904,2021-2022,24,https://top14.lnr.fr/joueur/1884-vincent-pinto,Section Paloise,80
9904,2021-2022,24,https://top14.lnr.fr/joueur/1896-lucas-rey,Section Paloise,59
9904,2021-2022,24,https://top14.lnr.fr/joueur/1905-eliott-roudil,Section Paloise,30
9904,2021-2022,24,https://top14.lnr.fr/joueur/1889-remi-seneca,Section Paloise,35
9904,2021-2022,24,https://top14.lnr.fr/joueur/1911-lekima-vuda-tagitagivalu,Section Paloise,65
9904,2021-2022,24,https://top14.lnr.fr/joueur/1850-siate-folau-tokolahi,Section Paloise,35
9904,2021-2022,24,https://top14.lnr.fr/joueur/1904-jale-kaikadavu-vatubua,Section Paloise,80
9904,2021-2022,24,https://top14.lnr.fr/joueur/2373-teddy-baubigny,Racing 92,65
9904,2021-2022,24,https://top14.lnr.fr/joueur/2197-maxime-baudonne,Racing 92,12
9904,2021-2022,24,https://top14.lnr.fr/joueur/2171-baptiste-chouzenoux,Racing 92,68
9904,2021-2022,24,https://top14.lnr.fr/joueur/1009-georges-henri-colombe-reazel,Racing 92,20
9904,2021-2022,24,https://top14.lnr.fr/joueur/2148-ibrahim-diallo,Racing 92,80
9904,2021-2022,24,https://top14.lnr.fr/joueur/2170-louis-dupichot,Racing 92,23
9904,2021-2022,24,https://top14.lnr.fr/joueur/2150-antoine-gibert,Racing 92,15
9904,2021-2022,24,https://top14.lnr.fr/joueur/2190-guram-gogichashvili,Racing 92,45
9904,2021-2022,24,https://top14.lnr.fr/joueur/2195-anthime-hemery,Racing 92,67
9904,2021-2022,24,https://top14.lnr.fr/joueur/2640-maxime-machenaud,Racing 92,65
9904,2021-2022,24,https://top14.lnr.fr/joueur/1806-baptiste-pesenti,Racing 92,80
9904,2021-2022,24,https://top14.lnr.fr/joueur/2198-max-spring,Racing 92,57
9904,2021-2022,24,https://top14.lnr.fr/joueur/2151-donovan-taofifenua,Racing 92,80
9905,2021-2022,24,https://top14.lnr.fr/joueur/1980-mathieu-acebes,USA Perpignan,80
9905,2021-2022,24,https://top14.lnr.fr/joueur/1958-jeronimo-de-la-fuente,USA Perpignan,65
9905,2021-2022,24,https://top14.lnr.fr/joueur/712-bautista-delguy,USA Perpignan,79
9905,2021-2022,24,https://top14.lnr.fr/joueur/2010-lucas-dubois,USA Perpignan,1
9905,2021-2022,24,https://top14.lnr.fr/joueur/2001-alivereti-uqueqe-duguivalu,USA Perpignan,15
9905,2021-2022,24,https://top14.lnr.fr/joueur/1987-tom-ecochard,USA Perpignan,72
9905,2021-2022,24,https://top14.lnr.fr/joueur/2000-shahn-eru,USA Perpignan,29
9905,2021-2022,24,https://top14.lnr.fr/joueur/1996-piula-faasalele,USA Perpignan,74
9905,2021-2022,24,https://top14.lnr.fr/joueur/2479-melvyn-jaminet,USA Perpignan,80
9905,2021-2022,24,https://top14.lnr.fr/joueur/1982-tristan-labouteley,USA Perpignan,80
9905,2021-2022,24,https://top14.lnr.fr/joueur/2008-leon-seilala-lam,USA Perpignan,69
9905,2021-2022,24,https://top14.lnr.fr/joueur/2023-sacha-lotrian,USA Perpignan,62
9905,2021-2022,24,https://top14.lnr.fr/joueur/1995-genesis-mamea-lemalu,USA Perpignan,61
9905,2021-2022,24,https://top14.lnr.fr/joueur/1977-matteo-rodor,USA Perpignan,8
9905,2021-2022,24,https://top14.lnr.fr/joueur/1976-tristan-james-tedder,USA Perpignan,80
9905,2021-2022,24,https://top14.lnr.fr/joueur/2025-lucas-velarte,USA Perpignan,11
9905,2021-2022,24,https://top14.lnr.fr/joueur/431-esteban-abadie,CA Brive,26
9905,2021-2022,24,https://top14.lnr.fr/joueur/415-paul-abadie,CA Brive,29
9905,2021-2022,24,https://top14.lnr.fr/joueur/426-setareki-bituniyata,CA Brive,69
9905,2021-2022,24,https://top14.lnr.fr/joueur/432-daniel-brennan,CA Brive,51
9905,2021-2022,24,https://top14.lnr.fr/joueur/1423-simon-pierre-chauvac,CA Brive,29
9905,2021-2022,24,https://top14.lnr.fr/joueur/409-florian-dufour,CA Brive,29
9905,2021-2022,24,https://top14.lnr.fr/joueur/430-guillaume-galletier,CA Brive,59
9905,2021-2022,24,https://top14.lnr.fr/joueur/427-enzo-herve,CA Brive,29
9905,2021-2022,24,https://top14.lnr.fr/joueur/454-luka-japaridze,CA Brive,49
9905,2021-2022,24,https://top14.lnr.fr/joueur/402-joris-jurand,CA Brive,80
9905,2021-2022,24,https://top14.lnr.fr/joueur/2174-kitione-kamikamica,CA Brive,29
9905,2021-2022,24,https://top14.lnr.fr/joueur/1696-victor-lebas,CA Brive,58
9905,2021-2022,24,https://top14.lnr.fr/joueur/399-vasil-lobzhanidze,CA Brive,51
9905,2021-2022,24,https://top14.lnr.fr/joueur/403-retief-marais,CA Brive,59
9905,2021-2022,24,https://top14.lnr.fr/joueur/451-stuart-olding,CA Brive,72
9905,2021-2022,24,https://top14.lnr.fr/joueur/460-tevita-kasikasi-ratuva,CA Brive,64
9905,2021-2022,24,https://top14.lnr.fr/joueur/429-setariki-tuicuvu,CA Brive,80
9905,2021-2022,24,https://top14.lnr.fr/joueur/400-andres-zafra-tarazona,CA Brive,22
129,2022-2023,19,https://top14.lnr.fr/joueur/277-louis-bielle-biarrey,Union Bordeaux-Bègles,80
129,2022-2023,19,https://top14.lnr.fr/joueur/304-nicolas-depoortere,Union Bordeaux-Bègles,80
129,2022-2023,19,https://top14.lnr.fr/joueur/323-mahamadou-diaby,Union Bordeaux-Bègles,80
129,2022-2023,19,https://top14.lnr.fr/joueur/11027-mateo-garcia,Union Bordeaux-Bègles,39
129,2022-2023,19,https://top14.lnr.fr/joueur/334-zack-holmes,Union Bordeaux-Bègles,57
129,2022-2023,19,https://top14.lnr.fr/joueur/320-thomas-jolmes,Union Bordeaux-Bègles,75
129,2022-2023,19,https://top14.lnr.fr/joueur/317-lekso-kaulashvili,Union Bordeaux-Bègles,22
129,2022-2023,19,https://top14.lnr.fr/joueur/349-maxime-lamothe,Union Bordeaux-Bègles,53
129,2022-2023,19,https://top14.lnr.fr/joueur/331-maxime-lucu,Union Bordeaux-Bègles,20
129,2022-2023,19,https://top14.lnr.fr/joueur/322-antoine-miquel,Union Bordeaux-Bègles,64
129,2022-2023,19,https://top14.lnr.fr/joueur/329-jefferson-poirot,Union Bordeaux-Bègles,58
129,2022-2023,19,https://top14.lnr.fr/joueur/314-alban-roussel,Union Bordeaux-Bègles,69
129,2022-2023,19,https://top14.lnr.fr/joueur/340-benjamin-tameifuna,Union Bordeaux-Bègles,58
129,2022-2023,19,https://top14.lnr.fr/joueur/313-pablo-uberti,Union Bordeaux-Bègles,22
129,2022-2023,19,https://top14.lnr.fr/joueur/335-bastien-vergnes-taillefer,Union Bordeaux-Bègles,80
129,2022-2023,19,https://top14.lnr.fr/joueur/336-tani-vili,Union Bordeaux-Bègles,58
129,2022-2023,19,https://top14.lnr.fr/joueur/2010-lucas-dubois,USA Perpignan,80
129,2022-2023,19,https://top14.lnr.fr/joueur/2000-shahn-eru,USA Perpignan,59
129,2022-2023,19,https://top14.lnr.fr/joueur/2022-akato-fakatika,USA Perpignan,31
129,2022-2023,19,https://top14.lnr.fr/joueur/1988-dorian-laborde,USA Perpignan,69
129,2022-2023,19,https://top14.lnr.fr/joueur/2023-sacha-lotrian,USA Perpignan,60
129,2022-2023,19,https://top14.lnr.fr/joueur/2009-victor-montgaillard,USA Perpignan,29
129,2022-2023,19,https://top14.lnr.fr/joueur/1991-victor-moreaux,USA Perpignan,39
129,2022-2023,19,https://top14.lnr.fr/joueur/1955-joaquin-oviedo,USA Perpignan,60
129,2022-2023,19,https://top14.lnr.fr/joueur/2019-alexandre-perez,USA Perpignan,80
129,2022-2023,19,https://top14.lnr.fr/joueur/1977-matteo-rodor,USA Perpignan,69
129,2022-2023,19,https://top14.lnr.fr/joueur/2004-edward-dratai-sawailau,USA Perpignan,66
129,2022-2023,19,https://top14.lnr.fr/joueur/1952-posolo-tuilagi,USA Perpignan,31
129,2022-2023,19,https://top14.lnr.fr/joueur/2025-lucas-velarte,USA Perpignan,31
130,2022-2023,19,https://top14.lnr.fr/joueur/1081-leo-berdeu,LOU Rugby,80
130,2022-2023,19,https://top14.lnr.fr/joueur/1077-arno-botha,LOU Rugby,40
130,2022-2023,19,https://top14.lnr.fr/joueur/1118-yanis-charcosset,LOU Rugby,26
130,2022-2023,19,https://top14.lnr.fr/joueur/1078-dylan-cretin,LOU Rugby,80
130,2022-2023,19,https://top14.lnr.fr/joueur/1082-vivien-devisme,LOU Rugby,20
130,2022-2023,19,https://top14.lnr.fr/joueur/1105-killian-geraci,LOU Rugby,20
130,2022-2023,19,https://top14.lnr.fr/joueur/1123-mickael-guillard,LOU Rugby,58
130,2022-2023,19,https://top14.lnr.fr/joueur/1075-joel-kpoku,LOU Rugby,40
130,2022-2023,19,https://top14.lnr.fr/joueur/1074-josiah-meihana-maraku,LOU Rugby,80
130,2022-2023,19,https://top14.lnr.fr/joueur/1034-davit-niniashvili,LOU Rugby,80
130,2022-2023,19,https://top14.lnr.fr/joueur/1103-patrick-sobela,LOU Rugby,22
130,2022-2023,19,https://top14.lnr.fr/joueur/1094-paulo-tafili,LOU Rugby,58
130,2022-2023,19,https://top14.lnr.fr/joueur/1100-sebastien-taofifenua,LOU Rugby,60
130,2022-2023,19,https://top14.lnr.fr/joueur/1102-josua-tuisova,LOU Rugby,70
130,2022-2023,19,https://top14.lnr.fr/joueur/1047-tavite-veredamu,LOU Rugby,60
130,2022-2023,19,https://top14.lnr.fr/joueur/1122-theo-william,LOU Rugby,70
130,2022-2023,19,https://top14.lnr.fr/joueur/2197-maxime-baudonne,Racing 92,36
130,2022-2023,19,https://top14.lnr.fr/joueur/2171-baptiste-chouzenoux,Racing 92,36
130,2022-2023,19,https://top14.lnr.fr/joueur/2148-ibrahim-diallo,Racing 92,60
130,2022-2023,19,https://top14.lnr.fr/joueur/2150-antoine-gibert,Racing 92,60
130,2022-2023,19,https://top14.lnr.fr/joueur/2190-guram-gogichashvili,Racing 92,62
130,2022-2023,19,https://top14.lnr.fr/joueur/2162-cedate-gomes-sa,Racing 92,18
130,2022-2023,19,https://top14.lnr.fr/joueur/2132-vinaya-habosi,Racing 92,80
130,2022-2023,19,https://top14.lnr.fr/joueur/2174-kitione-kamikamica,Racing 92,44
130,2022-2023,19,https://top14.lnr.fr/joueur/2201-gia-kharaishvili,Racing 92,62
130,2022-2023,19,https://top14.lnr.fr/joueur/2167-olivier-klemenczak,Racing 92,26
130,2022-2023,19,https://top14.lnr.fr/joueur/2176-peniami-nasali-narisia,Racing 92,30
130,2022-2023,19,https://top14.lnr.fr/joueur/2156-boris-palu,Racing 92,80
130,2022-2023,19,https://top14.lnr.fr/joueur/2157-fabien-sanconnie,Racing 92,54
130,2022-2023,19,https://top14.lnr.fr/joueur/2198-max-spring,Racing 92,80
130,2022-2023,19,https://top14.lnr.fr/joueur/2151-donovan-taofifenua,Racing 92,80
130,2022-2023,19,https://top14.lnr.fr/joueur/2188-janick-tarrit,Racing 92,50
10285,2023-2024,5,https://top14.lnr.fr/joueur/1715-antoine-abraham,Oyonnax Rugby,17
10285,2023-2024,5,https://top14.lnr.fr/joueur/1691-phoenix-damon-battye,Oyonnax Rugby,64
10285,2023-2024,5,https://top14.lnr.fr/joueur/11284-justin-bouraux,Oyonnax Rugby,75
10285,2023-2024,5,https://top14.lnr.fr/joueur/1700-charlie-cassang,Oyonnax Rugby,15
10285,2023-2024,5,https://top14.lnr.fr/joueur/1678-loic-credoz,Oyonnax Rugby,80
10285,2023-2024,5,https://top14.lnr.fr/joueur/11435-teddy-durand,Oyonnax Rugby,71
10285,2023-2024,5,https://top14.lnr.fr/joueur/1714-hugo-fabregue,Oyonnax Rugby,67
10285,2023-2024,5,https://top14.lnr.fr/joueur/1696-victor-lebas,Oyonnax Rugby,16
10285,2023-2024,5,https://top14.lnr.fr/joueur/1690-kevin-lebreton,Oyonnax Rugby,29
10285,2023-2024,5,https://top14.lnr.fr/joueur/1712-theo-millet,Oyonnax Rugby,80
10285,2023-2024,5,https://top14.lnr.fr/joueur/11987-hugo-domingo-miotti,Oyonnax Rugby,80
10285,2023-2024,5,https://top14.lnr.fr/joueur/2169-ali-oz,Oyonnax Rugby,13
10285,2023-2024,5,https://top14.lnr.fr/joueur/1684-wandrille-picault,Oyonnax Rugby,51
10285,2023-2024,5,https://top14.lnr.fr/joueur/1694-tommy-raynaud,Oyonnax Rugby,63
10285,2023-2024,5,https://top14.lnr.fr/joueur/3582-jonathan-ruru,Oyonnax Rugby,65
10285,2023-2024,5,https://top14.lnr.fr/joueur/1662-darren-anthony-sweetnam,Oyonnax Rugby,80
10285,2023-2024,5,https://top14.lnr.fr/joueur/312-christopher-vaotoa,Oyonnax Rugby,67
10285,2023-2024,5,https://top14.lnr.fr/joueur/1004-thomas-berjon,Stade Rochelais,52
10285,2023-2024,5,https://top14.lnr.fr/joueur/938-nathan-bollengier,Stade Rochelais,80
10285,2023-2024,5,https://top14.lnr.fr/joueur/964-hoani-bosmorin,Stade Rochelais,28
10285,2023-2024,5,https://top14.lnr.fr/joueur/675-judicael-cancoriet,Stade Rochelais,80
10285,2023-2024,5,https://top14.lnr.fr/joueur/1009-georges-henri-colombe-reazel,Stade Rochelais,71
10285,2023-2024,5,https://top14.lnr.fr/joueur/1013-noe-della-schiava,Stade Rochelais,5
10285,2023-2024,5,https://top14.lnr.fr/joueur/950-ultan-dillane,Stade Rochelais,80
10285,2023-2024,5,https://top14.lnr.fr/joueur/1018-jules-favre,Stade Rochelais,80
10285,2023-2024,5,https://top14.lnr.fr/joueur/940-simon-huchet,Stade Rochelais,5
10285,2023-2024,5,https://top14.lnr.fr/joueur/947-sacha-idoumi,Stade Rochelais,25
10285,2023-2024,5,https://top14.lnr.fr/joueur/981-tawera-kerr-barlow,Stade Rochelais,28
10285,2023-2024,5,https://top14.lnr.fr/joueur/935-aleksandre-kuntelia,Stade Rochelais,9
10285,2023-2024,5,https://top14.lnr.fr/joueur/986-quentin-lespiaucq,Stade Rochelais,55
10285,2023-2024,5,https://top14.lnr.fr/joueur/954-jack-nowell,Stade Rochelais,80
10285,2023-2024,5,https://top14.lnr.fr/joueur/984-thierry-paiva,Stade Rochelais,59
10285,2023-2024,5,https://top14.lnr.fr/joueur/994-remi-picquette,Stade Rochelais,75
10285,2023-2024,5,https://top14.lnr.fr/joueur/1024-thomas-ployet,Stade Rochelais,75
10285,2023-2024,5,https://top14.lnr.fr/joueur/949-hugo-reus,Stade Rochelais,28
10285,2023-2024,5,https://top14.lnr.fr/joueur/970-joel-antonio-sclavi,Stade Rochelais,21
10285,2023-2024,5,https://top14.lnr.fr/joueur/975-yoan-tanga-mangene,Stade Rochelais,80
10285,2023-2024,5,https://top14.lnr.fr/joueur/987-teddy-thomas,Stade Rochelais,80
10285,2023-2024,5,https://top14.lnr.fr/joueur/2387-ihaia-west,Stade Rochelais,52
10283,2023-2024,5,https://top14.lnr.fr/joueur/1980-mathieu-acebes,USA Perpignan,69
10283,2023-2024,5,https://top14.lnr.fr/joueur/9603-tommaso-allan,USA Perpignan,80
10283,2023-2024,5,https://top14.lnr.fr/joueur/398-pietro-ceccarelli,USA Perpignan,58
10283,2023-2024,5,https://top14.lnr.fr/joueur/1973-sadek-deghmache,USA Perpignan,30
10283,2023-2024,5,https://top14.lnr.fr/joueur/1958-jeronimo-de-la-fuente,USA Perpignan,80
10283,2023-2024,5,https://top14.lnr.fr/joueur/2001-alivereti-uqueqe-duguivalu,USA Perpignan,11
10283,2023-2024,5,https://top14.lnr.fr/joueur/1987-tom-ecochard,USA Perpignan,50
10283,2023-2024,5,https://top14.lnr.fr/joueur/1982-tristan-labouteley,USA Perpignan,51
10283,2023-2024,5,https://top14.lnr.fr/joueur/2008-leon-seilala-lam,USA Perpignan,58
10283,2023-2024,5,https://top14.lnr.fr/joueur/2005-jake-aron-mcintyre,USA Perpignan,80
10283,2023-2024,5,https://top14.lnr.fr/joueur/1955-joaquin-oviedo,USA Perpignan,21
10283,2023-2024,5,https://top14.lnr.fr/joueur/1784-nemo-gunther-roelofse,USA Perpignan,22
10283,2023-2024,5,https://top14.lnr.fr/joueur/11989-ignacio-ruiz,USA Perpignan,22
10283,2023-2024,5,https://top14.lnr.fr/joueur/1103-patrick-sobela,USA Perpignan,28
10283,2023-2024,5,https://top14.lnr.fr/joueur/1990-giorgi-tetrashvili,USA Perpignan,51
10283,2023-2024,5,https://top14.lnr.fr/joueur/1952-posolo-tuilagi,USA Perpignan,80
10283,2023-2024,5,https://top14.lnr.fr/joueur/2025-lucas-velarte,USA Perpignan,59
10283,2023-2024,5,https://top14.lnr.fr/joueur/1047-tavite-veredamu,USA Perpignan,80
10283,2023-2024,5,https://top14.lnr.fr/joueur/431-esteban-abadie,RC Toulon,80
10283,2023-2024,5,https://top14.lnr.fr/joueur/2391-komiti-junior-alainuuese,RC Toulon,79
10283,2023-2024,5,https://top14.lnr.fr/joueur/2373-teddy-baubigny,RC Toulon,58
10283,2023-2024,5,https://top14.lnr.fr/joueur/2282-kieran-brookes,RC Toulon,24
10283,2023-2024,5,https://top14.lnr.fr/joueur/2389-bruce-devaux,RC Toulon,24
10283,2023-2024,5,https://top14.lnr.fr/joueur/2300-gael-drean,RC Toulon,80
10283,2023-2024,5,https://top14.lnr.fr/joueur/2281-cornell-gerhard-du-preez,RC Toulon,6
10283,2023-2024,5,https://top14.lnr.fr/joueur/2362-beka-gigashvili,RC Toulon,56
10283,2023-2024,5,https://top14.lnr.fr/joueur/2358-jean-baptiste-gros,RC Toulon,56
10283,2023-2024,5,https://top14.lnr.fr/joueur/2384-matthias-halagahu,RC Toulon,58
10283,2023-2024,5,https://top14.lnr.fr/joueur/427-enzo-herve,RC Toulon,70
10283,2023-2024,5,https://top14.lnr.fr/joueur/2336-aymeric-luc,RC Toulon,80
10283,2023-2024,5,https://top14.lnr.fr/joueur/2355-charles-ollivon,RC Toulon,80
10283,2023-2024,5,https://top14.lnr.fr/joueur/2385-duncan-paiaaua,RC Toulon,74
10283,2023-2024,5,https://top14.lnr.fr/joueur/2352-baptiste-serin,RC Toulon,31
10283,2023-2024,5,https://top14.lnr.fr/joueur/2446-selevasio-tolofua,RC Toulon,74
10283,2023-2024,5,https://top14.lnr.fr/joueur/2354-christopher-tolofua,RC Toulon,22
10283,2023-2024,5,https://top14.lnr.fr/joueur/429-setariki-tuicuvu,RC Toulon,6
10283,2023-2024,5,https://top14.lnr.fr/joueur/2360-gabin-villiere,RC Toulon,80
10283,2023-2024,5,https://top14.lnr.fr/joueur/2388-adrien-warion,RC Toulon,24
10283,2023-2024,5,https://top14.lnr.fr/joueur/11845-benjamin-white,RC Toulon,49
11057,2024-2025,30,https://top14.lnr.fr/joueur/883-antonin-berruyer,FC Grenoble Rugby,0
11057,2024-2025,30,https://top14.lnr.fr/joueur/249-barnabe-couilloud,FC Grenoble Rugby,0
11057,2024-2025,30,https://top14.lnr.fr/joueur/9423-samuel-davies-1,FC Grenoble Rugby,0
11057,2024-2025,30,https://top14.lnr.fr/joueur/893-eric-escande,FC Grenoble Rugby,0
11057,2024-2025,30,https://top14.lnr.fr/joueur/894-julien-farnoux,FC Grenoble Rugby,0
11057,2024-2025,30,https://top14.lnr.fr/joueur/919-romain-fusier,FC Grenoble Rugby,0
11057,2024-2025,30,https://top14.lnr.fr/joueur/859-zack-gauthier,FC Grenoble Rugby,0
11057,2024-2025,30,https://top14.lnr.fr/joueur/913-victor-guillaumond,FC Grenoble Rugby,0
11057,2024-2025,30,https://top14.lnr.fr/joueur/685-julien-heriteau,FC Grenoble Rugby,0
11057,2024-2025,30,https://top14.lnr.fr/joueur/916-wilfried-hulleu,FC Grenoble Rugby,0
11057,2024-2025,30,https://top14.lnr.fr/joueur/1621-giorgi-javakhia,FC Grenoble Rugby,0
11057,2024-2025,30,https://top14.lnr.fr/joueur/10917-johannes-jonker,FC Grenoble Rugby,0
11057,2024-2025,30,https://top14.lnr.fr/joueur/888-thomas-lainault,FC Grenoble Rugby,0
11057,2024-2025,30,https://top14.lnr.fr/joueur/926-thibaut-martel,FC Grenoble Rugby,0
11057,2024-2025,30,https://top14.lnr.fr/joueur/906-pio-muarua,FC Grenoble Rugby,0
11057,2024-2025,30,https://top14.lnr.fr/joueur/10988-brandon-julio-tiute-nansen,FC Grenoble Rugby,0
11057,2024-2025,30,https://top14.lnr.fr/joueur/1632-marc-palmier,FC Grenoble Rugby,0
11057,2024-2025,30,https://top14.lnr.fr/joueur/12402-giorgi-pertaia,FC Grenoble Rugby,0
11057,2024-2025,30,https://top14.lnr.fr/joueur/1694-tommy-raynaud,FC Grenoble Rugby,0
11057,2024-2025,30,https://top14.lnr.fr/joueur/925-lilian-rossi,FC Grenoble Rugby,0
11057,2024-2025,30,https://top14.lnr.fr/joueur/929-mathis-sarragallet,FC Grenoble Rugby,0
11057,2024-2025,30,https://top14.lnr.fr/joueur/877-hugo-trouilloud,FC Grenoble Rugby,0
11057,2024-2025,30,https://top14.lnr.fr/joueur/918-romain-trouilloud,FC Grenoble Rugby,0
11057,2024-2025,30,https://top14.lnr.fr/joueur/9603-tommaso-allan,USA Perpignan,0
11057,2024-2025,30,https://top14.lnr.fr/joueur/1447-gela-aprasidze,USA Perpignan,0
11057,2024-2025,30,https://top14.lnr.fr/joueur/662-giorgi-beria,USA Perpignan,0
11057,2024-2025,30,https://top14.lnr.fr/joueur/2282-kieran-brookes,USA Perpignan,0
11057,2024-2025,30,https://top14.lnr.fr/joueur/2632-eneriko-buliruarua,USA Perpignan,0
11057,2024-2025,30,https://top14.lnr.fr/joueur/398-pietro-ceccarelli,USA Perpignan,0
11057,2024-2025,30,https://top14.lnr.fr/joueur/1958-jeronimo-de-la-fuente,USA Perpignan,0
11057,2024-2025,30,https://top14.lnr.fr/joueur/1013-noe-della-schiava,USA Perpignan,0
11057,2024-2025,30,https://top14.lnr.fr/joueur/2414-valentin-delpy,USA Perpignan,0
11057,2024-2025,30,https://top14.lnr.fr/joueur/2389-bruce-devaux,USA Perpignan,0
11057,2024-2025,30,https://top14.lnr.fr/joueur/2010-lucas-dubois,USA Perpignan,0
11057,2024-2025,30,https://top14.lnr.fr/joueur/2001-alivereti-uqueqe-duguivalu,USA Perpignan,0
11057,2024-2025,30,https://top14.lnr.fr/joueur/1782-james-robert-hall,USA Perpignan,0
11057,2024-2025,30,https://top14.lnr.fr/joueur/92-jefferson-lee-joseph,USA Perpignan,0
11057,2024-2025,30,https://top14.lnr.fr/joueur/2008-leon-seilala-lam,USA Perpignan,0
11057,2024-2025,30,https://top14.lnr.fr/joueur/1967-mathys-lotrian,USA Perpignan,0
11057,2024-2025,30,https://top14.lnr.fr/joueur/1955-joaquin-oviedo,USA Perpignan,0
11057,2024-2025,30,https://top14.lnr.fr/joueur/2342-mathieu-tanguy,USA Perpignan,0
11057,2024-2025,30,https://top14.lnr.fr/joueur/1952-posolo-tuilagi,USA Perpignan,0
11057,2024-2025,30,https://top14.lnr.fr/joueur/693-jacobus-van-tonder,USA Perpignan,0
11057,2024-2025,30,https://top14.lnr.fr/joueur/2025-lucas-velarte,USA Perpignan,0
11057,2024-2025,30,https://top14.lnr.fr/joueur/1047-tavite-veredamu,USA Perpignan,0
11057,2024-2025,30,https://top14.lnr.fr/joueur/2388-adrien-warion,USA Perpignan,0
