first_name,last_name,nationality,player_url,2017-2018_team,2017-2018_avg_min,2018-2019_team,2018-2019_avg_min,2021-2022_team,2021-2022_avg_min,2022-2023_team,2022-2023_avg_min,2023-2024_team,2023-2024_avg_min,2024-2025_team,2024-2025_avg_min
Thomas,BERJON,France,https://top14.lnr.fr/joueur/1004-thomas-berjon,,,,,,,,,,,,
Georges Henri,COLOMBE REAZEL,France,https://top14.lnr.fr/joueur/1009-georges-henri-colombe-reazel,,,,,,,,,,,,
Noe,DELLA SCHIAVA,France,https://top14.lnr.fr/joueur/1013-noe-della-schiava,,,,,,,,,,,,
Jules,FAVRE,France,https://top14.lnr.fr/joueur/1018-jules-favre,,,,,,,,,,,,
Hikairo,FORBES,Nouvelle Zélande,https://top14.lnr.fr/joueur/10197-hikairo-forbes,,,,,,,,,,,,
Benjamin,LAPEYRE,France,https://top14.lnr.fr/joueur/10201-benjamin-lapeyre,,,,,,,,,,,,
Thomas,PLOYET,France,https://top14.lnr.fr/joueur/1024-thomas-ployet,,,,,,,,,,,,
Hoani,TUI,Nouvelle Zélande,https://top14.lnr.fr/joueur/10252-hoani-tui,,,,,,,,,,,,
Davit,NINIASHVILI,Géorgie,https://top14.lnr.fr/joueur/1034-davit-niniashvili,,,,,,,,,,,,
Semi Tani Qerelevu,KUNABULI,Fidji,https://top14.lnr.fr/joueur/10340-semi-tani-qerelevu-kunabuli,,,,,,,,,,,,
Liam,RIMET,France,https://top14.lnr.fr/joueur/1038-liam-rimet,,,,,,,,,,,,
Lima,SOPOAGA,Nouvelle Zélande,https://top14.lnr.fr/joueur/1042-lima-sopoaga,,,,,,,,,,,,
David Michael,RYAN,Irlande,https://top14.lnr.fr/joueur/10441-david-michael-ryan,,,,,,,,,,,,
Tavite,VEREDAMU,France,https://top14.lnr.fr/joueur/1047-tavite-veredamu,,,,,,,,,,,,
Liam,COLTMAN,Nouvelle Zélande,https://top14.lnr.fr/joueur/1048-liam-coltman,,,,,,,,,,,,
Feao,FOTUAIKA,Nouvelle Zélande,https://top14.lnr.fr/joueur/1056-feao-fotuaika,,,,,,,,,,,,
Mitchell,INMAN,Australie,https://top14.lnr.fr/joueur/10660-mitchell-inman,,,,,,,,,,,,
Loïc,HOCQUET,France,https://top14.lnr.fr/joueur/10683-loic-hocquet,,,,,,,,,,,,
Matthew,HOPPER,Angleterre,https://top14.lnr.fr/joueur/10729-matthew-hopper,,,,,,,,,,,,
Josiah Meihana,MARAKU,Nouvelle Zélande,https://top14.lnr.fr/joueur/1074-josiah-meihana-maraku,,,,,,,,,,,,
Joel,KPOKU,Angleterre,https://top14.lnr.fr/joueur/1075-joel-kpoku,,,,,,,,,,,,
Arno,BOTHA,Afrique du Sud,https://top14.lnr.fr/joueur/1077-arno-botha,,,,,,,,,,,,
Dylan,CRETIN,France,https://top14.lnr.fr/joueur/1078-dylan-cretin,,,,,,,,,,,,
Simiuela Timote,VAKA,Nouvelle Zélande,https://top14.lnr.fr/joueur/10784-simiuela-timote-vaka,,,,,,,,,,,,
Léo,BERDEU,France,https://top14.lnr.fr/joueur/1081-leo-berdeu,,,,,,,,,,,,
Vivien,DEVISME,France,https://top14.lnr.fr/joueur/1082-vivien-devisme,,,,,,,,,,,,
Paul,PEREZ,Samoa américain,https://top14.lnr.fr/joueur/10859-paul-perez-1,,,,,,,,,,,,
Toby,ARNOLD,Nouvelle Zélande,https://top14.lnr.fr/joueur/1090-toby-arnold,,,,,,,,,,,,
Jean Marc,DOUSSAIN,France,https://top14.lnr.fr/joueur/1091-jean-marc-doussain,,,,,,,,,,,,
Johannes,JONKER,Afrique du Sud,https://top14.lnr.fr/joueur/10917-johannes-jonker,,,,,,,,,,,,
Paulo,TAFILI,France,https://top14.lnr.fr/joueur/1094-paulo-tafili,,,,,,,,,,,,
Brandon Julio Tiute,NANSEN,Nouvelle Zélande,https://top14.lnr.fr/joueur/10988-brandon-julio-tiute-nansen,,,,,,,,,,,,
Sébastien,TAOFIFENUA,France,https://top14.lnr.fr/joueur/1100-sebastien-taofifenua,,,,,,,,,,,,
Josua,TUISOVA,Fidji,https://top14.lnr.fr/joueur/1102-josua-tuisova,,,,,,,,,,,,
Mateo,GARCIA,France,https://top14.lnr.fr/joueur/11027-mateo-garcia,,,,,,,,,,,,
Patrick,SOBELA,France,https://top14.lnr.fr/joueur/1103-patrick-sobela,,,,,,,,,,,,
Killian,GERACI,France,https://top14.lnr.fr/joueur/1105-killian-geraci,,,,,,,,,,,,
Yanis,CHARCOSSET,France,https://top14.lnr.fr/joueur/1118-yanis-charcosset,,,,,,,,,,,,
Theo,WILLIAM,France,https://top14.lnr.fr/joueur/1122-theo-william,,,,,,,,,,,,
Valentin,MORO,France,https://top14.lnr.fr/joueur/11222-valentin-moro,,,,,,,,,,,,
Mickaël,GUILLARD,France,https://top14.lnr.fr/joueur/1123-mickael-guillard,,,,,,,,,,,,
Justin,BOURAUX,France,https://top14.lnr.fr/joueur/11284-justin-bouraux,,,,,,,,,,,,
Temo Sukayawa,MAYANAVANUA,Fidji,https://top14.lnr.fr/joueur/1129-temo-sukayawa-mayanavanua,,,,,,,,,,,,
Teddy,DURAND,France,https://top14.lnr.fr/joueur/11435-teddy-durand,,,,,,,,,,,,
Lotima,FAINGAANUKU,Tonga,https://top14.lnr.fr/joueur/11581-lotima-faingaanuku,,,,,,,,,,,,
Benjamin,WHITE,Grande-Bretagne,https://top14.lnr.fr/joueur/11845-benjamin-white,,,,,,,,,,,,
Marvin,ORIE,Afrique du Sud,https://top14.lnr.fr/joueur/11905-marvin-orie-1,,,,,,,,,,,,
Hugo Domingo,MIOTTI,Italie,https://top14.lnr.fr/joueur/11987-hugo-domingo-miotti,,,,,,,,,,,,
Ignacio,RUIZ,Italie,https://top14.lnr.fr/joueur/11989-ignacio-ruiz,,,,,,,,,,,,
Giorgi,PERTAIA,Géorgie,https://top14.lnr.fr/joueur/12402-giorgi-pertaia,,,,,,,,,,,,
Michael,FALEAFA,Nouvelle Zélande,https://top14.lnr.fr/joueur/1260-michael-faleafa,,,,,,,,,,,,
Jean Victor,GOILLOT,France,https://top14.lnr.fr/joueur/132-jean-victor-goillot,,,,,,,,,,,,
Jean Bernard,PUJOL,France,https://top14.lnr.fr/joueur/1326-jean-bernard-pujol,,,,,,,,,,,,
Simon-pierre,CHAUVAC,France,https://top14.lnr.fr/joueur/1423-simon-pierre-chauvac,,,,,,,,,,,,
Jeremie,MAUROUARD,France,https://top14.lnr.fr/joueur/1433-jeremie-maurouard,,,,,,,,,,,,
Florian,VERHAEGHE,France,https://top14.lnr.fr/joueur/1438-florian-verhaeghe,,,,,,,,,,,,
Enzo,FORLETTA,France,https://top14.lnr.fr/joueur/1440-enzo-forletta,,,,,,,,,,,,
Gela,APRASIDZE,Géorgie,https://top14.lnr.fr/joueur/1447-gela-aprasidze,,,,,,,,,,,,
Jarrod,POI,Nouvelle Zélande,https://top14.lnr.fr/joueur/151-jarrod-poi,,,,,,,,,,,,
Giorgi,JAVAKHIA,Géorgie,https://top14.lnr.fr/joueur/1621-giorgi-javakhia,,,,,,,,,,,,
Marc,PALMIER,France,https://top14.lnr.fr/joueur/1632-marc-palmier,,,,,,,,,,,,
Darren Anthony,SWEETNAM,Irlande,https://top14.lnr.fr/joueur/1662-darren-anthony-sweetnam,,,,,,,,,,,,
Loïc,CREDOZ,France,https://top14.lnr.fr/joueur/1678-loic-credoz,,,,,,,,,,,,
Sitiveni,MAFI,Australie,https://top14.lnr.fr/joueur/1681-sitiveni-mafi,,,,,,,,,,,,
Wandrille,PICAULT,France,https://top14.lnr.fr/joueur/1684-wandrille-picault,,,,,,,,,,,,
Pedro,BETTENCOURT,Portugal,https://top14.lnr.fr/joueur/1689-pedro-bettencourt,,,,,,,,,,,,
Kevin,LEBRETON,France,https://top14.lnr.fr/joueur/1690-kevin-lebreton,,,,,,,,,,,,
Phoenix Damon,BATTYE,Australie,https://top14.lnr.fr/joueur/1691-phoenix-damon-battye,,,,,,,,,,,,
Manu,LEIATAUA,Nouvelle Zélande,https://top14.lnr.fr/joueur/1692-manu-leiataua,,,,,,,,,,,,
Tommy,RAYNAUD,France,https://top14.lnr.fr/joueur/1694-tommy-raynaud,,,,,,,,,,,,
Victor,LEBAS,France,https://top14.lnr.fr/joueur/1696-victor-lebas,,,,,,,,,,,,
Benjamin,GELEDAN,France,https://top14.lnr.fr/joueur/1697-benjamin-geledan,,,,,,,,,,,,
Christopher,FARRELL,Irlande,https://top14.lnr.fr/joueur/1698-christopher-farrell,,,,,,,,,,,,
Irakli,MIRTSKHULAVA,Géorgie,https://top14.lnr.fr/joueur/1699-irakli-mirtskhulava,,,,,,,,,,,,
Charlie,CASSANG,France,https://top14.lnr.fr/joueur/1700-charlie-cassang,,,,,,,,,,,,
Jeremy,GONDRAND,France,https://top14.lnr.fr/joueur/1706-jeremy-gondrand,,,,,,,,,,,,
Rory,GRICE,Nouvelle Zélande,https://top14.lnr.fr/joueur/1708-rory-grice,,,,,,,,,,,,
Thomas,MURDAY,Australie,https://top14.lnr.fr/joueur/1711-thomas-murday,,,,,,,,,,,,
Theo,MILLET,France,https://top14.lnr.fr/joueur/1712-theo-millet,,,,,,,,,,,,
Hugo,FABREGUE,France,https://top14.lnr.fr/joueur/1714-hugo-fabregue,,,,,,,,,,,,
Antoine,ABRAHAM,France,https://top14.lnr.fr/joueur/1715-antoine-abraham,,,,,,,,,,,,
James Robert,HALL,Afrique du Sud,https://top14.lnr.fr/joueur/1782-james-robert-hall,,,,,,,,,,,,
Nemo Gunther,ROELOFSE,Afrique du Sud,https://top14.lnr.fr/joueur/1784-nemo-gunther-roelofse,,,,,,,,,,,,
Romain,BRIATTE,France,https://top14.lnr.fr/joueur/1790-romain-briatte,,,,,,,,,,,,
Clement,CASTETS,France,https://top14.lnr.fr/joueur/1797-clement-castets,,,,,,,,,,,,
Baptiste,PESENTI,France,https://top14.lnr.fr/joueur/1806-baptiste-pesenti,,,,,,,,,,,,
Giovanni,HABEL KUFFNER,Allemagne,https://top14.lnr.fr/joueur/1812-giovanni-habel-kuffner,,,,,,,,,,,,
Siate Folau,TOKOLAHI,Tonga,https://top14.lnr.fr/joueur/1850-siate-folau-tokolahi,,,,,,,,,,,,
Steven Barry,CUMMINS,Australie,https://top14.lnr.fr/joueur/1859-steven-barry-cummins,,,,,,,,,,,,
Vincent,PINTO,France,https://top14.lnr.fr/joueur/1884-vincent-pinto,,,,,,,,,,,,
Ignacio,CALLES,Argentine,https://top14.lnr.fr/joueur/1885-ignacio-calles,,,,,,,,,,,,
Clovis,LE BAIL,France,https://top14.lnr.fr/joueur/1886-clovis-le-bail,,,,,,,,,,,,
Nicolas,CORATO,France,https://top14.lnr.fr/joueur/1888-nicolas-corato,,,,,,,,,,,,
Rémi,SENECA,France,https://top14.lnr.fr/joueur/1889-remi-seneca,,,,,,,,,,,,
Beka,GORGADZE,Géorgie,https://top14.lnr.fr/joueur/1893-beka-gorgadze,,,,,,,,,,,,
Daniel,IKPEFAN,France,https://top14.lnr.fr/joueur/1894-daniel-ikpefan,,,,,,,,,,,,
Thibault,DAUBAGNA,France,https://top14.lnr.fr/joueur/1895-thibault-daubagna,,,,,,,,,,,,
Lucas,REY,France,https://top14.lnr.fr/joueur/1896-lucas-rey,,,,,,,,,,,,
Jale Kaikadavu,VATUBUA,Fidji,https://top14.lnr.fr/joueur/1904-jale-kaikadavu-vatubua,,,,,,,,,,,,
Eliott,ROUDIL,France,https://top14.lnr.fr/joueur/1905-eliott-roudil,,,,,,,,,,,,
Lekima Vuda,TAGITAGIVALU,Fidji,https://top14.lnr.fr/joueur/1911-lekima-vuda-tagitagivalu,,,,,,,,,,,,
Clément,LAPORTE,France,https://top14.lnr.fr/joueur/1915-clement-laporte,,,,,,,,,,,,
Thibault,DEBAES,France,https://top14.lnr.fr/joueur/1930-thibault-debaes,,,,,,,,,,,,
Zack,HENRY,Angleterre,https://top14.lnr.fr/joueur/1939-zack-henry,,,,,,,,,,,,
Reece,HEWAT,Australie,https://top14.lnr.fr/joueur/1940-reece-hewat,,,,,,,,,,,,
Eoghan,BARRETT,Irlande,https://top14.lnr.fr/joueur/1941-eoghan-barrett,,,,,,,,,,,,
Posolo,TUILAGI,Samoa,https://top14.lnr.fr/joueur/1952-posolo-tuilagi,,,,,,,,,,,,
Boris,GOUTARD,France,https://top14.lnr.fr/joueur/1954-boris-goutard,,,,,,,,,,,,
Joaquin,OVIEDO,Argentine,https://top14.lnr.fr/joueur/1955-joaquin-oviedo,,,,,,,,,,,,
Andrei,MAHU,Roumanie,https://top14.lnr.fr/joueur/1956-andrei-mahu,,,,,,,,,,,,
Jeronimo,DE LA FUENTE,Argentine,https://top14.lnr.fr/joueur/1958-jeronimo-de-la-fuente,,,,,,,,,,,,
Siosiaia Ma'afu,FIA,Nouvelle Zélande,https://top14.lnr.fr/joueur/1964-siosiaia-maafu-fia,,,,,,,,,,,,
Mathys,LOTRIAN,France,https://top14.lnr.fr/joueur/1967-mathys-lotrian,,,,,,,,,,,,
Alistair,CROSSDALE,Grande-Bretagne,https://top14.lnr.fr/joueur/1969-alistair-crossdale,,,,,,,,,,,,
Sadek,DEGHMACHE,France,https://top14.lnr.fr/joueur/1973-sadek-deghmache,,,,,,,,,,,,
Tristan James,TEDDER,Autriche,https://top14.lnr.fr/joueur/1976-tristan-james-tedder,,,,,,,,,,,,
Matteo,RODOR,France,https://top14.lnr.fr/joueur/1977-matteo-rodor,,,,,,,,,,,,
Mathieu,ACEBES,France,https://top14.lnr.fr/joueur/1980-mathieu-acebes,,,,,,,,,,,,
Tristan,LABOUTELEY,France,https://top14.lnr.fr/joueur/1982-tristan-labouteley,,,,,,,,,,,,
Lucas,BACHELIER,France,https://top14.lnr.fr/joueur/1984-lucas-bachelier,,,,,,,,,,,,
Afusipa Faha Ivalu,TAUMOEPEAU,Australie,https://top14.lnr.fr/joueur/1985-afusipa-faha-ivalu-taumoepeau,,,,,,,,,,,,
Mike,TADJER,France,https://top14.lnr.fr/joueur/1986-mike-tadjer,,,,,,,,,,,,
Tom,ECOCHARD,France,https://top14.lnr.fr/joueur/1987-tom-ecochard,,,,,,,,,,,,
Dorian,LABORDE,France,https://top14.lnr.fr/joueur/1988-dorian-laborde,,,,,,,,,,,,
Alan,BRAZO,France,https://top14.lnr.fr/joueur/1989-alan-brazo,,,,,,,,,,,,
Giorgi,TETRASHVILI,Géorgie,https://top14.lnr.fr/joueur/1990-giorgi-tetrashvili,,,,,,,,,,,,
Victor,MOREAUX,France,https://top14.lnr.fr/joueur/1991-victor-moreaux,,,,,,,,,,,,
Arthur,JOLY,France,https://top14.lnr.fr/joueur/1992-arthur-joly,,,,,,,,,,,,
Xavier,CHIOCCI,France,https://top14.lnr.fr/joueur/1993-xavier-chiocci,,,,,,,,,,,,
Genesis,MAMEA LEMALU,Nouvelle Zélande,https://top14.lnr.fr/joueur/1995-genesis-mamea-lemalu,,,,,,,,,,,,
Piula,FAASALELE,Samoa américain,https://top14.lnr.fr/joueur/1996-piula-faasalele,,,,,,,,,,,,
Kelian,GALLETIER,France,https://top14.lnr.fr/joueur/1997-kelian-galletier,,,,,,,,,,,,
Siosiua,HALANUKONUKA,Nouvelle Zélande,https://top14.lnr.fr/joueur/1999-siosiua-halanukonuka,,,,,,,,,,,,
Shahn,ERU,Nouvelle Zélande,https://top14.lnr.fr/joueur/2000-shahn-eru,,,,,,,,,,,,
Alivereti Uqueqe,DUGUIVALU,Fidji,https://top14.lnr.fr/joueur/2001-alivereti-uqueqe-duguivalu,,,,,,,,,,,,
Patricio,FERNANDEZ,Espagne,https://top14.lnr.fr/joueur/2003-patricio-fernandez,,,,,,,,,,,,
Edward Dratai,SAWAILAU,Fidji,https://top14.lnr.fr/joueur/2004-edward-dratai-sawailau,,,,,,,,,,,,
Jake Aron,MCINTYRE,Australie,https://top14.lnr.fr/joueur/2005-jake-aron-mcintyre,,,,,,,,,,,,
Leon Seilala,LAM,Samoa américain,https://top14.lnr.fr/joueur/2008-leon-seilala-lam,,,,,,,,,,,,
Victor,MONTGAILLARD,France,https://top14.lnr.fr/joueur/2009-victor-montgaillard,,,,,,,,,,,,
Lucas,DUBOIS,France,https://top14.lnr.fr/joueur/2010-lucas-dubois,,,,,,,,,,,,
Taniela,RAMASIBANA,Fidji,https://top14.lnr.fr/joueur/2018-taniela-ramasibana,,,,,,,,,,,,
Alexandre,PEREZ,France,https://top14.lnr.fr/joueur/2019-alexandre-perez,,,,,,,,,,,,
Akato,FAKATIKA,France,https://top14.lnr.fr/joueur/2022-akato-fakatika,,,,,,,,,,,,
Sacha,LOTRIAN,France,https://top14.lnr.fr/joueur/2023-sacha-lotrian,,,,,,,,,,,,
Lucas,VELARTE,France,https://top14.lnr.fr/joueur/2025-lucas-velarte,,,,,,,,,,,,
Carl,AXTENS,Nouvelle Zélande,https://top14.lnr.fr/joueur/2068-carl-axtens,,,,,,,,,,,,
Enzo,SELPONI,France,https://top14.lnr.fr/joueur/2077-enzo-selponi,,,,,,,,,,,,
Vinaya,HABOSI,Fidji,https://top14.lnr.fr/joueur/2132-vinaya-habosi,,,,,,,,,,,,
Trevor,NYAKANE,Afrique du Sud,https://top14.lnr.fr/joueur/2145-trevor-nyakane,,,,,,,,,,,,
Anton,BRESLER,Grande-Bretagne,https://top14.lnr.fr/joueur/2146-anton-bresler,,,,,,,,,,,,
Ibrahim,DIALLO,France,https://top14.lnr.fr/joueur/2148-ibrahim-diallo,,,,,,,,,,,,
Antoine,GIBERT,France,https://top14.lnr.fr/joueur/2150-antoine-gibert,,,,,,,,,,,,
Donovan,TAOFIFENUA,France,https://top14.lnr.fr/joueur/2151-donovan-taofifenua,,,,,,,,,,,,
Boris,PALU,France,https://top14.lnr.fr/joueur/2156-boris-palu,,,,,,,,,,,,
Fabien,SANCONNIE,France,https://top14.lnr.fr/joueur/2157-fabien-sanconnie,,,,,,,,,,,,
Eddy,BEN AROUS,France,https://top14.lnr.fr/joueur/2159-eddy-ben-arous,,,,,,,,,,,,
Bernard,LE ROUX,Afrique du Sud,https://top14.lnr.fr/joueur/2160-bernard-le-roux,,,,,,,,,,,,
Henry,CHAVANCY,France,https://top14.lnr.fr/joueur/2161-henry-chavancy,,,,,,,,,,,,
Cedate,GOMES SA,France,https://top14.lnr.fr/joueur/2162-cedate-gomes-sa,,,,,,,,,,,,
Wenceslas,LAURET,France,https://top14.lnr.fr/joueur/2163-wenceslas-lauret,,,,,,,,,,,,
Juan,IMHOFF,Argentine,https://top14.lnr.fr/joueur/2164-juan-imhoff,,,,,,,,,,,,
Teddy,IRIBAREN,France,https://top14.lnr.fr/joueur/2166-teddy-iribaren,,,,,,,,,,,,
Olivier,KLEMENCZAK,France,https://top14.lnr.fr/joueur/2167-olivier-klemenczak,,,,,,,,,,,,
Ali,OZ,France,https://top14.lnr.fr/joueur/2169-ali-oz,,,,,,,,,,,,
Louis,DUPICHOT,France,https://top14.lnr.fr/joueur/2170-louis-dupichot,,,,,,,,,,,,
Baptiste,CHOUZENOUX,France,https://top14.lnr.fr/joueur/2171-baptiste-chouzenoux,,,,,,,,,,,,
Kitione,KAMIKAMICA,Fidji,https://top14.lnr.fr/joueur/2174-kitione-kamikamica,,,,,,,,,,,,
Peniami Nasali,NARISIA,Fidji,https://top14.lnr.fr/joueur/2176-peniami-nasali-narisia,,,,,,,,,,,,
Ben Thomas Tuvula,VOLAVOLA,Fidji,https://top14.lnr.fr/joueur/2185-ben-thomas-tuvula-volavola,,,,,,,,,,,,
Janick,TARRIT,France,https://top14.lnr.fr/joueur/2188-janick-tarrit,,,,,,,,,,,,
Guram,GOGICHASHVILI,Géorgie,https://top14.lnr.fr/joueur/2190-guram-gogichashvili,,,,,,,,,,,,
Anthime,HEMERY,France,https://top14.lnr.fr/joueur/2195-anthime-hemery,,,,,,,,,,,,
Maxime,BAUDONNE,France,https://top14.lnr.fr/joueur/2197-maxime-baudonne,,,,,,,,,,,,
Max,SPRING,France,https://top14.lnr.fr/joueur/2198-max-spring,,,,,,,,,,,,
Gia,KHARAISHVILI,Géorgie,https://top14.lnr.fr/joueur/2201-gia-kharaishvili,,,,,,,,,,,,
Finn,RUSSELL,Ecosse,https://top14.lnr.fr/joueur/2203-finn-russell,,,,,,,,,,,,
Inia,TABUAVOU,Fidji,https://top14.lnr.fr/joueur/2205-inia-tabuavou,,,,,,,,,,,,
Benito,MASILEVU,Fidji,https://top14.lnr.fr/joueur/2241-benito-masilevu,,,,,,,,,,,,
Cornell Gerhard,DU PREEZ,Grande-Bretagne,https://top14.lnr.fr/joueur/2281-cornell-gerhard-du-preez,,,,,,,,,,,,
Kieran,BROOKES,Grande-Bretagne,https://top14.lnr.fr/joueur/2282-kieran-brookes,,,,,,,,,,,,
Gaël,DREAN,France,https://top14.lnr.fr/joueur/2300-gael-drean,,,,,,,,,,,,
Daniel Rhys,BIGGAR,Pays de Galles,https://top14.lnr.fr/joueur/2316-daniel-rhys-biggar,,,,,,,,,,,,
Aymeric,LUC,France,https://top14.lnr.fr/joueur/2336-aymeric-luc,,,,,,,,,,,,
Mathieu,TANGUY,France,https://top14.lnr.fr/joueur/2342-mathieu-tanguy,,,,,,,,,,,,
Baptiste,SERIN,France,https://top14.lnr.fr/joueur/2352-baptiste-serin,,,,,,,,,,,,
Jérémy,SINZELLE,France,https://top14.lnr.fr/joueur/2353-jeremy-sinzelle,,,,,,,,,,,,
Christopher,TOLOFUA,France,https://top14.lnr.fr/joueur/2354-christopher-tolofua,,,,,,,,,,,,
Charles,OLLIVON,France,https://top14.lnr.fr/joueur/2355-charles-ollivon,,,,,,,,,,,,
Waisea,VUIDRAVUWALU,Fidji,https://top14.lnr.fr/joueur/2356-waisea-vuidravuwalu,,,,,,,,,,,,
Jean Baptiste,GROS,France,https://top14.lnr.fr/joueur/2358-jean-baptiste-gros,,,,,,,,,,,,
Cheslin,KOLBE,Afrique du Sud,https://top14.lnr.fr/joueur/2359-cheslin-kolbe,,,,,,,,,,,,
Gabin,VILLIERE,France,https://top14.lnr.fr/joueur/2360-gabin-villiere,,,,,,,,,,,,
Beka,GIGASHVILI,Géorgie,https://top14.lnr.fr/joueur/2362-beka-gigashvili,,,,,,,,,,,,
Dany,PRISO MOUANGUE,France,https://top14.lnr.fr/joueur/2365-dany-priso-mouangue,,,,,,,,,,,,
Teddy,BAUBIGNY,France,https://top14.lnr.fr/joueur/2373-teddy-baubigny,,,,,,,,,,,,
Matthias,HALAGAHU,France,https://top14.lnr.fr/joueur/2384-matthias-halagahu,,,,,,,,,,,,
Duncan,PAIA'AUA,Australie,https://top14.lnr.fr/joueur/2385-duncan-paiaaua,,,,,,,,,,,,
Ihaia,WEST,Nouvelle Zélande,https://top14.lnr.fr/joueur/2387-ihaia-west,,,,,,,,,,,,
Adrien,WARION,France,https://top14.lnr.fr/joueur/2388-adrien-warion,,,,,,,,,,,,
Bruce,DEVAUX,France,https://top14.lnr.fr/joueur/2389-bruce-devaux,,,,,,,,,,,,
Komiti Junior,ALAINUUESE,Samoa occidental,https://top14.lnr.fr/joueur/2391-komiti-junior-alainuuese,,,,,,,,,,,,
Valentin,DELPY,France,https://top14.lnr.fr/joueur/2414-valentin-delpy,,,,,,,,,,,,
Arthur,RETIERE,France,https://top14.lnr.fr/joueur/2441-arthur-retiere,,,,,,,,,,,,
Rodrigue,NETI,France,https://top14.lnr.fr/joueur/2443-rodrigue-neti,,,,,,,,,,,,
Selevasio,TOLOFUA,France,https://top14.lnr.fr/joueur/2446-selevasio-tolofua,,,,,,,,,,,,
Dorian,ALDEGHERI,France,https://top14.lnr.fr/joueur/2448-dorian-aldegheri,,,,,,,,,,,,
Thomas,RAMOS,France,https://top14.lnr.fr/joueur/2450-thomas-ramos,,,,,,,,,,,,
Francois,CROS,France,https://top14.lnr.fr/joueur/2453-francois-cros,,,,,,,,,,,,
Charlie,FAUMUINA,Nouvelle Zélande,https://top14.lnr.fr/joueur/2459-charlie-faumuina,,,,,,,,,,,,
Melvyn,JAMINET,France,https://top14.lnr.fr/joueur/2479-melvyn-jaminet,,,,,,,,,,,,
Barnabé,COUILLOUD,France,https://top14.lnr.fr/joueur/249-barnabe-couilloud,,,,,,,,,,,,
Quentin,ETIENNE,France,https://top14.lnr.fr/joueur/2559-quentin-etienne,,,,,,,,,,,,
Maxime,MACHENAUD,France,https://top14.lnr.fr/joueur/2640-maxime-machenaud,,,,,,,,,,,,
Yann,DAVID,France,https://top14.lnr.fr/joueur/2648-yann-david,,,,,,,,,,,,
Denis,MARCHOIS,France,https://top14.lnr.fr/joueur/2649-denis-marchois,,,,,,,,,,,,
Thomas,ACQUIER,France,https://top14.lnr.fr/joueur/2650-thomas-acquier,,,,,,,,,,,,
Facundo,BOSCH,Argentine,https://top14.lnr.fr/joueur/2658-facundo-bosch,,,,,,,,,,,,
Louis,BIELLE-BIARREY,France,https://top14.lnr.fr/joueur/277-louis-bielle-biarrey,,,,,,,,,,,,
Thomas Daniel,WILLIS,Angleterre,https://top14.lnr.fr/joueur/295-thomas-daniel-willis,,,,,,,,,,,,
Keanu,DESRUES LIANO IZAGUIRRE,France,https://top14.lnr.fr/joueur/2995-keanu-desrues-liano-izaguirre,,,,,,,,,,,,
Nicolas,DEPOORTERE,France,https://top14.lnr.fr/joueur/304-nicolas-depoortere,,,,,,,,,,,,
Vadim,COBILAS,France,https://top14.lnr.fr/joueur/310-vadim-cobilas,,,,,,,,,,,,
Christopher,VAOTOA,France,https://top14.lnr.fr/joueur/312-christopher-vaotoa,,,,,,,,,,,,
Pablo,UBERTI,France,https://top14.lnr.fr/joueur/313-pablo-uberti,,,,,,,,,,,,
Alban,ROUSSEL,France,https://top14.lnr.fr/joueur/314-alban-roussel,,,,,,,,,,,,
Lekso,KAULASHVILI,Géorgie,https://top14.lnr.fr/joueur/317-lekso-kaulashvili,,,,,,,,,,,,
Thomas,JOLMES,France,https://top14.lnr.fr/joueur/320-thomas-jolmes,,,,,,,,,,,,
Clement,MAYNADIER,France,https://top14.lnr.fr/joueur/321-clement-maynadier,,,,,,,,,,,,
Antoine,MIQUEL,France,https://top14.lnr.fr/joueur/322-antoine-miquel,,,,,,,,,,,,
Mahamadou,DIABY,France,https://top14.lnr.fr/joueur/323-mahamadou-diaby,,,,,,,,,,,,
Jefferson,POIROT,France,https://top14.lnr.fr/joueur/329-jefferson-poirot,,,,,,,,,,,,
Nans,DUCUING,France,https://top14.lnr.fr/joueur/330-nans-ducuing,,,,,,,,,,,,
Maxime,LUCU,France,https://top14.lnr.fr/joueur/331-maxime-lucu,,,,,,,,,,,,
Zack,HOLMES,Grande-Bretagne,https://top14.lnr.fr/joueur/334-zack-holmes,,,,,,,,,,,,
Bastien,VERGNES TAILLEFER,France,https://top14.lnr.fr/joueur/335-bastien-vergnes-taillefer,,,,,,,,,,,,
Tani,VILI,France,https://top14.lnr.fr/joueur/336-tani-vili,,,,,,,,,,,,
Benjamin,TAMEIFUNA,Nouvelle Zélande,https://top14.lnr.fr/joueur/340-benjamin-tameifuna,,,,,,,,,,,,
Jules,GIMBERT,France,https://top14.lnr.fr/joueur/348-jules-gimbert,,,,,,,,,,,,
Maxime,LAMOTHE,France,https://top14.lnr.fr/joueur/349-maxime-lamothe,,,,,,,,,,,,
Santiago,CORDERO POCIELLO-ARGERICH,Espagne,https://top14.lnr.fr/joueur/351-santiago-cordero-pociello-argerich,,,,,,,,,,,,
Lenny,VIOLA,France,https://top14.lnr.fr/joueur/3522-lenny-viola,,,,,,,,,,,,
Jonathan,RURU,Nouvelle Zélande,https://top14.lnr.fr/joueur/3582-jonathan-ruru,,,,,,,,,,,,
Marco,ZANON,Italie,https://top14.lnr.fr/joueur/3595-marco-zanon,,,,,,,,,,,,
Pietro,CECCARELLI,France,https://top14.lnr.fr/joueur/398-pietro-ceccarelli,,,,,,,,,,,,
Vasil,LOBZHANIDZE,Géorgie,https://top14.lnr.fr/joueur/399-vasil-lobzhanidze,,,,,,,,,,,,
Andrès,ZAFRA TARAZONA,France,https://top14.lnr.fr/joueur/400-andres-zafra-tarazona,,,,,,,,,,,,
Joris,JURAND,France,https://top14.lnr.fr/joueur/402-joris-jurand,,,,,,,,,,,,
Retief,MARAIS,Afrique du Sud,https://top14.lnr.fr/joueur/403-retief-marais,,,,,,,,,,,,
Florian,DUFOUR,France,https://top14.lnr.fr/joueur/409-florian-dufour,,,,,,,,,,,,
Paul,ABADIE,France,https://top14.lnr.fr/joueur/415-paul-abadie,,,,,,,,,,,,
Thomas,LARANJEIRA,France,https://top14.lnr.fr/joueur/417-thomas-laranjeira,,,,,,,,,,,,
Setareki,BITUNIYATA,Fidji,https://top14.lnr.fr/joueur/426-setareki-bituniyata,,,,,,,,,,,,
Enzo,HERVE,France,https://top14.lnr.fr/joueur/427-enzo-herve,,,,,,,,,,,,
Setariki,TUICUVU,Fidji,https://top14.lnr.fr/joueur/429-setariki-tuicuvu,,,,,,,,,,,,
Guillaume,GALLETIER,France,https://top14.lnr.fr/joueur/430-guillaume-galletier,,,,,,,,,,,,
Esteban,ABADIE,France,https://top14.lnr.fr/joueur/431-esteban-abadie,,,,,,,,,,,,
Daniel,BRENNAN,Irlande,https://top14.lnr.fr/joueur/432-daniel-brennan,,,,,,,,,,,,
Nicolaas Jacobus,LEE,Afrique du Sud,https://top14.lnr.fr/joueur/444-nicolaas-jacobus-lee,,,,,,,,,,,,
Stuart,OLDING,Irlande,https://top14.lnr.fr/joueur/451-stuart-olding,,,,,,,,,,,,
Luka,JAPARIDZE,Géorgie,https://top14.lnr.fr/joueur/454-luka-japaridze,,,,,,,,,,,,
Tevita Kasikasi,RATUVA,Fidji,https://top14.lnr.fr/joueur/460-tevita-kasikasi-ratuva,,,,,,,,,,,,
Soso,BEKOSHVILI,Géorgie,https://top14.lnr.fr/joueur/495-soso-bekoshvili,,,,,,,,,,,,
Raphael,CARBOU,France,https://top14.lnr.fr/joueur/501-raphael-carbou,,,,,,,,,,,,
William,DEMOTTE,France,https://top14.lnr.fr/joueur/51-william-demotte,,,,,,,,,,,,
Samuel,MARQUES,France,https://top14.lnr.fr/joueur/513-samuel-marques,,,,,,,,,,,,
Mathieu,LAMOULIE,France,https://top14.lnr.fr/joueur/53-mathieu-lamoulie,,,,,,,,,,,,
Paula Mark,NGAUAMO,Nouvelle Zélande,https://top14.lnr.fr/joueur/586-paula-mark-ngauamo,,,,,,,,,,,,
Timilaï,ROKODURU,Fidji,https://top14.lnr.fr/joueur/59-timilai-rokoduru,,,,,,,,,,,,
Quentin,WALCKER,France,https://top14.lnr.fr/joueur/592-quentin-walcker,,,,,,,,,,,,
Vincent,FARRE,France,https://top14.lnr.fr/joueur/61-vincent-farre,,,,,,,,,,,,
Giorgi,BERIA,France,https://top14.lnr.fr/joueur/662-giorgi-beria,,,,,,,,,,,,
Sebastien,BEZY,France,https://top14.lnr.fr/joueur/669-sebastien-bezy,,,,,,,,,,,,
Judicael,CANCORIET,France,https://top14.lnr.fr/joueur/675-judicael-cancoriet,,,,,,,,,,,,
Julien,HERITEAU,France,https://top14.lnr.fr/joueur/685-julien-heriteau,,,,,,,,,,,,
Jacobus,VAN TONDER,Afrique du Sud,https://top14.lnr.fr/joueur/693-jacobus-van-tonder,,,,,,,,,,,,
Bautista,DELGUY,Argentine,https://top14.lnr.fr/joueur/712-bautista-delguy,,,,,,,,,,,,
Morgan,PHELIPPONNEAU,France,https://top14.lnr.fr/joueur/7131-morgan-phelipponneau,,,,,,,,,,,,
Hikawera Te Po,ELLIOT,Nouvelle Zélande,https://top14.lnr.fr/joueur/751-hikawera-te-po-elliot,,,,,,,,,,,,
Virimi,VAKATAWA,France,https://top14.lnr.fr/joueur/7798-virimi-vakatawa,,,,,,,,,,,,
Benjamin,BOTICA,Grande-Bretagne,https://top14.lnr.fr/joueur/808-benjamin-botica,,,,,,,,,,,,
Yassin,BOUTEMMANI,France,https://top14.lnr.fr/joueur/812-yassin-boutemmani,,,,,,,,,,,,
Khatchik,VARTAN,France,https://top14.lnr.fr/joueur/820-khatchik-vartan,,,,,,,,,,,,
Matthieu,UGALDE,France,https://top14.lnr.fr/joueur/824-matthieu-ugalde,,,,,,,,,,,,
Zack,GAUTHIER,France,https://top14.lnr.fr/joueur/859-zack-gauthier,,,,,,,,,,,,
Leonardo,GHIRALDINI,Italie,https://top14.lnr.fr/joueur/8606-leonardo-ghiraldini,,,,,,,,,,,,
Steven Robert,SYKES,Afrique du Sud,https://top14.lnr.fr/joueur/8608-steven-robert-sykes,,,,,,,,,,,,
Victor,VITO,Nouvelle Zélande,https://top14.lnr.fr/joueur/8674-victor-vito,,,,,,,,,,,,
Paul,JORDAAN,Afrique du Sud,https://top14.lnr.fr/joueur/8746-paul-jordaan,,,,,,,,,,,,
Hugo,TROUILLOUD,France,https://top14.lnr.fr/joueur/877-hugo-trouilloud,,,,,,,,,,,,
Curtis,BROWNING,Australie,https://top14.lnr.fr/joueur/8792-curtis-browning,,,,,,,,,,,,
Antonin,BERRUYER,France,https://top14.lnr.fr/joueur/883-antonin-berruyer,,,,,,,,,,,,
Sootala,FA'ASO'O,Nouvelle Zélande,https://top14.lnr.fr/joueur/8831-sootala-faasoo,,,,,,,,,,,,
Thomas,LAINAULT,France,https://top14.lnr.fr/joueur/888-thomas-lainault,,,,,,,,,,,,
Sila Ki Vai,PUAFISI,Tonga,https://top14.lnr.fr/joueur/8887-sila-ki-vai-puafisi,,,,,,,,,,,,
Eric,ESCANDE,France,https://top14.lnr.fr/joueur/893-eric-escande,,,,,,,,,,,,
Alexi,BALES,France,https://top14.lnr.fr/joueur/8931-alexi-bales,,,,,,,,,,,,
Enrico,JANUARIE,Afrique du Sud,https://top14.lnr.fr/joueur/8939-enrico-januarie,,,,,,,,,,,,
Julien,FARNOUX,France,https://top14.lnr.fr/joueur/894-julien-farnoux,,,,,,,,,,,,
Sisaro Datu,KOYAMAIBOLE,Fidji,https://top14.lnr.fr/joueur/8979-sisaro-datu-koyamaibole,,,,,,,,,,,,
Talalelei,GRAY,Samoa américain,https://top14.lnr.fr/joueur/905-talalelei-gray,,,,,,,,,,,,
Gabriel,LACROIX,France,https://top14.lnr.fr/joueur/9057-gabriel-lacroix,,,,,,,,,,,,
Pio,MUARUA,Fidji,https://top14.lnr.fr/joueur/906-pio-muarua,,,,,,,,,,,,
Takudzwa,NGWENYA,Zimbabwe,https://top14.lnr.fr/joueur/9080-takudzwa-ngwenya,,,,,,,,,,,,
Berend,BOTHA,Afrique du Sud,https://top14.lnr.fr/joueur/9083-berend-botha,,,,,,,,,,,,
Karlen,ASIESHVILI,Géorgie,https://top14.lnr.fr/joueur/9085-karlen-asieshvili,,,,,,,,,,,,
Brock,JAMES,France,https://top14.lnr.fr/joueur/9112-brock-james,,,,,,,,,,,,
Victor,GUILLAUMOND,France,https://top14.lnr.fr/joueur/913-victor-guillaumond,,,,,,,,,,,,
Alifeleti,MAFI,Tonga,https://top14.lnr.fr/joueur/9138-alifeleti-mafi,,,,,,,,,,,,
Wilfried,HULLEU,France,https://top14.lnr.fr/joueur/916-wilfried-hulleu,,,,,,,,,,,,
Romain,TROUILLOUD,France,https://top14.lnr.fr/joueur/918-romain-trouilloud,,,,,,,,,,,,
Zeno,KIEFT,Pays-Bas,https://top14.lnr.fr/joueur/9187-zeno-kieft,,,,,,,,,,,,
Romain,FUSIER,France,https://top14.lnr.fr/joueur/919-romain-fusier,,,,,,,,,,,,
Jefferson Lee,JOSEPH,France,https://top14.lnr.fr/joueur/92-jefferson-lee-joseph,,,,,,,,,,,,
Petrus,HAUMAN,Afrique du Sud,https://top14.lnr.fr/joueur/9236-petrus-hauman,,,,,,,,,,,,
Lilian,ROSSI,France,https://top14.lnr.fr/joueur/925-lilian-rossi,,,,,,,,,,,,
Gert,MULLER,Afrique du Sud,https://top14.lnr.fr/joueur/9257-gert-muller,,,,,,,,,,,,
Thibaut,MARTEL,France,https://top14.lnr.fr/joueur/926-thibaut-martel,,,,,,,,,,,,
Mathis,SARRAGALLET,France,https://top14.lnr.fr/joueur/929-mathis-sarragallet,,,,,,,,,,,,
Arnaud,MIGNARDI,France,https://top14.lnr.fr/joueur/9290-arnaud-mignardi,,,,,,,,,,,,
Maxime,MEDARD,France,https://top14.lnr.fr/joueur/9291-maxime-medard,,,,,,,,,,,,
Aleksandre,KUNTELIA,Géorgie,https://top14.lnr.fr/joueur/935-aleksandre-kuntelia,,,,,,,,,,,,
Mike,CORBEL,France,https://top14.lnr.fr/joueur/9357-mike-corbel,,,,,,,,,,,,
Nathan,BOLLENGIER,France,https://top14.lnr.fr/joueur/938-nathan-bollengier,,,,,,,,,,,,
Simon,HUCHET,France,https://top14.lnr.fr/joueur/940-simon-huchet,,,,,,,,,,,,
Francois,DA ROS,France,https://top14.lnr.fr/joueur/9417-francois-da-ros,,,,,,,,,,,,
Samuel,DAVIES,Grande-Bretagne,https://top14.lnr.fr/joueur/9423-samuel-davies-1,,,,,,,,,,,,
David,ROUMIEU,France,https://top14.lnr.fr/joueur/9439-david-roumieu,,,,,,,,,,,,
Luc,MOUSSET,France,https://top14.lnr.fr/joueur/9458-luc-mousset,,,,,,,,,,,,
Sacha,IDOUMI,France,https://top14.lnr.fr/joueur/947-sacha-idoumi,,,,,,,,,,,,
Hugo,REUS,France,https://top14.lnr.fr/joueur/949-hugo-reus,,,,,,,,,,,,
Ultan,DILLANE,Irlande,https://top14.lnr.fr/joueur/950-ultan-dillane,,,,,,,,,,,,
Jone,QOVU NAILIKO,Fidji,https://top14.lnr.fr/joueur/9505-jone-qovu-nailiko,,,,,,,,,,,,
Jack,NOWELL,Angleterre,https://top14.lnr.fr/joueur/954-jack-nowell,,,,,,,,,,,,
Louis Benoit,MADAULE,France,https://top14.lnr.fr/joueur/9540-louis-benoit-madaule,,,,,,,,,,,,
Dominiko,WAQANIBUROTU,Fidji,https://top14.lnr.fr/joueur/9574-dominiko-waqaniburotu,,,,,,,,,,,,
Tommaso,ALLAN,Italie,https://top14.lnr.fr/joueur/9603-tommaso-allan,,,,,,,,,,,,
Hoani,BOSMORIN,France,https://top14.lnr.fr/joueur/964-hoani-bosmorin,,,,,,,,,,,,
Dug,CODJO,France,https://top14.lnr.fr/joueur/9649-dug-codjo,,,,,,,,,,,,
Joël Antonio,SCLAVI,Argentine,https://top14.lnr.fr/joueur/970-joel-antonio-sclavi,,,,,,,,,,,,
Seremaia Nakala,BUROTU,Fidji,https://top14.lnr.fr/joueur/9712-seremaia-nakala-burotu,,,,,,,,,,,,
Yohan,VIVALDA,France,https://top14.lnr.fr/joueur/9734-yohan-vivalda,,,,,,,,,,,,
Yoan,TANGA MANGENE,France,https://top14.lnr.fr/joueur/975-yoan-tanga-mangene,,,,,,,,,,,,
Nicolas,BEZY,France,https://top14.lnr.fr/joueur/9754-nicolas-bezy,,,,,,,,,,,,
Tawera,KERR BARLOW,Nouvelle Zélande,https://top14.lnr.fr/joueur/981-tawera-kerr-barlow,,,,,,,,,,,,
Masalosalo,TUTAIA,Nouvelle Zélande,https://top14.lnr.fr/joueur/9811-masalosalo-tutaia,,,,,,,,,,,,
Thierry,PAIVA,France,https://top14.lnr.fr/joueur/984-thierry-paiva,,,,,,,,,,,,
Levani Botia,VEIVUKE,Fidji,https://top14.lnr.fr/joueur/985-levani-botia-veivuke,,,,,,,,,,,,
Maurie,FAASAVALU,Angleterre,https://top14.lnr.fr/joueur/9858-maurie-faasavalu,,,,,,,,,,,,
Quentin,LESPIAUCQ,France,https://top14.lnr.fr/joueur/986-quentin-lespiaucq,,,,,,,,,,,,
Teddy,THOMAS,France,https://top14.lnr.fr/joueur/987-teddy-thomas,,,,,,,,,,,,
Ulupano,SEUTENI,Australie,https://top14.lnr.fr/joueur/988-ulupano-seuteni,,,,,,,,,,,,
Daniel Mark,RAMSAY,Nouvelle Zélande,https://top14.lnr.fr/joueur/9889-daniel-mark-ramsay,,,,,,,,,,,,
Simon Christian,NJEWEL,Cameroun,https://top14.lnr.fr/joueur/9893-simon-christian-njewel,,,,,,,,,,,,
Poutasi,LUAFUTU,Samoa américain,https://top14.lnr.fr/joueur/9907-poutasi-luafutu,,,,,,,,,,,,
Rémi,PICQUETTE,France,https://top14.lnr.fr/joueur/994-remi-picquette,,,,,,,,,,,,
Damien,LAGRANGE,France,https://top14.lnr.fr/joueur/9941-damien-lagrange,,,,,,,,,,,,
Romain,SAZY,France,https://top14.lnr.fr/joueur/996-romain-sazy,,,,,,,,,,,,
Antoine,HASTOY,France,https://top14.lnr.fr/joueur/997-antoine-hastoy,,,,,,,,,,,,
Eneriko,BULIRUARUA,Fidji,https://top14.lnr.fr/joueur/2632-eneriko-buliruarua,,,,,,,,,,,,
